"STATION","DATE","LATITUDE","LONGITUDE","ELEVATION","NAME","CDSD","CDSD_ATTRIBUTES","CLDD","CLDD_ATTRIBUTES","DT00","DT00_ATTRIBUTES","DT32","DT32_ATTRIBUTES","DX32","DX32_ATTRIBUTES","DX70","DX70_ATTRIBUTES","DX90","DX90_ATTRIBUTES","EMNT","EMNT_ATTRIBUTES","EMXT","EMXT_ATTRIBUTES","FZF0","FZF0_ATTRIBUTES","FZF1","FZF1_ATTRIBUTES","FZF2","FZF2_ATTRIBUTES","FZF3","FZF3_ATTRIBUTES","FZF4","FZF4_ATTRIBUTES","FZF5","FZF5_ATTRIBUTES","FZF6","FZF6_ATTRIBUTES","FZF7","FZF7_ATTRIBUTES","FZF8","FZF8_ATTRIBUTES","FZF9","FZF9_ATTRIBUTES","HDSD","HDSD_ATTRIBUTES","HTDD","HTDD_ATTRIBUTES","TAVG","TAVG_ATTRIBUTES","TMAX","TMAX_ATTRIBUTES","TMIN","TMIN_ATTRIBUTES"
"UK000000000","1881","52.42","-1.83","78.0","CET CENTRAL ENGLAND, UK","     10.5","","      10.5","E","         0","E","        66","E","        12","E","        27","E","         0","E","  -13.0","E,0121, ","   29.2","E,0704, ","-0.9","E,1016","-3.3","E,1031","-4.6","E,1224","","","","","-0.5","E,0511","-2.7","E,0404","-4.5","E,0327","-9.4","E,0126","-9.4","E,0126","","","","","      8.55","E","     12.26","E","      4.84","E"
"UK000000000","1882","52.42","-1.83","78.0","CET CENTRAL ENGLAND, UK","      0.2","","       0.2","E","         0","E","        25","E","         1","E","        15","E","         0","E","   -6.7","E,1211, ","   24.4","E,0811, ","-0.7","E,1026","-3.8","E,1118","-4.6","E,1210","-6.7","E,1211","","","-0.6","E,0416","-2.2","E,0202","","","","","","","    3211.6","6","    3211.6","E","      9.45","E","     13.14","E","      5.77","E"
"UK000000000","1883","52.42","-1.83","78.0","CET CENTRAL ENGLAND, UK","      0.4","","       0.4","E","         0","E","        44","E","         0","E","        26","E","         0","E","   -6.4","E,0324,+","   24.7","E,0701, ","-0.3","E,1107","-2.6","E,1113","","","","","","","0.0","E,0505","-3.0","E,0328","-4.5","E,0325","","","","","    3420.6","6","    3420.6","E","      9.01","E","     12.83","E","      5.20","E"
"UK000000000","1884","52.42","-1.83","78.0","CET CENTRAL ENGLAND, UK","     20.4","","      20.4","E","         0","E","        26","E","         0","E","        47","E","         0","E","   -3.8","E,1125, ","   29.6","E,0810, ","0.0","E,1122","-3.8","E,1125","","","","","","","-0.2","E,0424","-2.2","E,0423","","","","","","","    3198.5","5","    3198.5","E","      9.83","E","     13.76","E","      5.91","E"
"UK000000000","1885","52.42","-1.83","78.0","CET CENTRAL ENGLAND, UK","      6.1","","       6.1","E","         0","E","        58","E","         0","E","        28","E","         0","E","   -6.3","E,1211, ","   28.8","E,0725, ","-0.6","E,1115","-5.0","E,1208","-5.0","E,1208","","","","","-0.1","E,0512","-2.3","E,0405","-4.5","E,0221","","","","","    3294.5","5","    3294.5","E","      8.58","E","     12.45","E","      4.72","E"
"UK000000000","1886","52.42","-1.83","78.0","CET CENTRAL ENGLAND, UK","      4.9","","       4.9","E","         0","E","        74","E","         2","E","        35","E","         0","E","   -8.7","E,0107, ","   27.9","E,0829, ","-0.6","E,1108","-3.6","E,1202","-6.2","E,1203","-7.3","E,1220","","","-1.1","E,0501","-2.2","E,0317","-8.0","E,0307","-8.0","E,0307","","","    3636.0","0","    3636.0","E","      8.70","E","     12.25","E","      5.14","E"
"UK000000000","1887","52.42","-1.83","78.0","CET CENTRAL ENGLAND, UK","     11.8","","      11.8","E","         0","E","        87","E","         2","E","        58","E","         0","E","   -6.9","E,0101, ","   28.6","E,0702, ","-1.0","E,1012","-3.7","E,1026","-5.1","E,1117","","","","","-1.5","E,0418","-2.2","E,0417","-4.6","E,0319","-6.8","E,0314","","","    3461.1","1","    3461.1","E","      8.28","E","     12.35","E","      4.22","E"
"UK000000000","1888","52.42","-1.83","78.0","CET CENTRAL ENGLAND, UK","      0.9","","       0.9","E","         0","E","        86","E","         0","E","        10","E","         0","E","   -5.5","E,0130, ","   27.2","E,0624, ","0.0","E,1002","-2.7","E,1210","","","","","","","-0.5","E,0410","-2.5","E,0407","-4.7","E,0225","","","","","    3680.8","8","    3680.8","E","      8.21","E","     11.73","E","      4.69","E"
"UK000000000","1889","52.42","-1.83","78.0","CET CENTRAL ENGLAND, UK","      1.0","","       1.0","E","         0","E","        57","E","         1","E","        37","E","         0","E","   -6.1","E,0212, ","   24.9","E,0729,+","-1.4","E,1127","-3.1","E,1128","-4.8","E,1229","","","","","-2.0","E,0328","-3.8","E,0305","-5.0","E,0304","","","","","    3397.6","6","    3397.6","E","      9.00","E","     12.61","E","      5.39","E"
"UK000000000","1890","52.42","-1.83","78.0","CET CENTRAL ENGLAND, UK","      0.0","","       0.0","E","         0","E","        67","E","        13","E","        17","E","         0","E","  -12.7","E,1222, ","   24.1","E,0804, ","-0.5","E,1027","-2.8","E,1028","-4.7","E,1127","-8.5","E,1214","-12.7","E,1222","-0.2","E,0413","-7.3","E,0304","-7.3","E,0304","-7.3","E,0304","","","    3317.6","6","    3317.6","E","      8.74","E","     12.52","E","      4.96","E"
"UK000000000","1891","52.42","-1.83","78.0","CET CENTRAL ENGLAND, UK","      0.8","","       0.8","E","         0","E","        78","E","         8","E","        23","E","         0","E","  -11.2","E,0119, ","   26.5","E,0909, ","-0.3","E,1031","-4.6","E,1220","-4.6","E,1220","-8.0","E,1224","","","-0.6","E,0519","-3.2","E,0331","-6.5","E,0312","-11.2","E,0119","-11.2","E,0119","    3687.7","7","    3687.7","E","      8.50","E","     12.30","E","      4.70","E"
"UK000000000","1892","52.42","-1.83","78.0","CET CENTRAL ENGLAND, UK","      0.6","","       0.6","E","         0","E","        82","E","         8","E","        20","E","         0","E","   -9.2","E,1227, ","   25.8","E,0702, ","-0.6","E,1019","-3.1","E,1026","-5.1","E,1225","-7.7","E,1226","-9.2","E,1227","-0.7","E,0507","-2.5","E,0419","-5.2","E,0314","-8.8","E,0219","","","    3487.0","0","    3487.0","E","      8.18","E","     12.03","E","      4.32","E"
"UK000000000","1893","52.42","-1.83","78.0","CET CENTRAL ENGLAND, UK","     37.3","","      37.3","E","         0","E","        49","E","         4","E","        51","E","         0","E","   -8.7","E,0105, ","   29.7","E,0817, ","-0.2","E,1030","-2.6","E,1101","-5.9","E,1202","","","","","-0.1","E,0415","-4.5","E,0319","-4.5","E,0319","-8.7","E,0105","","","    3286.6","6","    3286.6","E","      9.99","E","     14.29","E","      5.69","E"
"UK000000000","1894","52.42","-1.83","78.0","CET CENTRAL ENGLAND, UK","      2.0","","       2.0","E","         0","E","        33","E","         5","E","        13","E","         0","E","  -10.8","E,0106, ","   27.5","E,0705,+","-1.6","E,1022","","","","","","","","","0.0","E,0327","-4.3","E,0222","-4.6","E,0221","-7.2","E,0108","-9.8","E,0107","    3197.9","9","    3197.9","E","      9.30","E","     12.83","E","      5.77","E"
"UK000000000","1895","52.42","-1.83","78.0","CET CENTRAL ENGLAND, UK","      5.9","","       5.9","E","         0","E","        79","E","        14","E","        48","E","         0","E","  -13.6","E,0208, ","   27.4","E,0529, ","-0.9","E,1018","-3.8","E,1024","","","","","","","-0.6","E,0415","-2.4","E,0305","-5.3","E,0218","-7.1","E,0217","-9.3","E,0214","    3468.9","9","    3468.9","E","      8.67","E","     12.65","E","      4.69","E"
"UK000000000","1896","52.42","-1.83","78.0","CET CENTRAL ENGLAND, UK","","","","","         0","E","        45","E","         0","E","        32","E","         0","E","   -4.4","E,0226, ","   27.1","E,0614, ","0.0","E,1020","-3.3","E,1106","","","","","","","-0.4","E,0331","-2.2","E,0227","-4.4","E,0226","","","","","","","","","      9.32","E","     13.07","E","      5.57","E"
"UK000000000","1897","52.42","-1.83","78.0","CET CENTRAL ENGLAND, UK","","","","","         0","E","        33","E","         1","E","        36","E","         0","E","   -6.4","E,1223, ","   28.7","E,0803, ","-0.9","E,1203","-6.4","E,1223","-6.4","E,1223","","","","","0.0","E,0411","-3.1","E,0330","-5.4","E,0124","","","","","    3424.6","6","    3424.6","E","      9.43","E","     13.06","E","      5.79","E"
"UK000000000","1898","52.42","-1.83","78.0","CET CENTRAL ENGLAND, UK","     22.4","","      22.4","E","         0","E","        36","E","         0","E","        42","E","         0","E","   -3.1","E,0221, ","   27.6","E,0916, ","-0.9","E,1122","-2.9","E,1123","","","","","","","-0.1","E,0406","-2.7","E,0405","","","","","","","","","","","     10.05","E","     13.76","E","      6.34","E"
"UK000000000","1899","52.42","-1.83","78.0","CET CENTRAL ENGLAND, UK","     18.7","","      18.7","E","         0","E","        55","E","         2","E","        62","E","         0","E","   -8.2","E,1214, ","   29.1","E,0824, ","0.0","E,1019","-2.9","E,1203","-8.2","E,1214","-8.2","E,1214","","","-0.7","E,0417","-3.3","E,0325","-5.5","E,0324","","","","","    2941.6","6","    2941.6","E","      9.69","E","     13.78","E","      5.61","E"
"UK000000000","1900","52.42","-1.83","78.0","CET CENTRAL ENGLAND, UK","     23.5","","      23.5","E","         0","E","        38","E","         0","E","        37","E","         0","E","   -8.4","E,0208, ","   29.3","E,0718, ","-1.0","E,1111","","","","","","","","","-2.2","E,0426","-2.2","E,0426","-4.7","E,0318","-6.7","E,0213","","","    3204.1","1","    3204.1","E","      9.57","E","     13.28","E","      5.86","E"
"UK000000000","1901","52.42","-1.83","78.0","CET CENTRAL ENGLAND, UK","     20.6","","      20.6","E","         0","E","        66","E","         4","E","        42","E","         0","E","   -7.3","E,0214, ","   29.9","E,0718, ","-1.5","E,1103","-2.5","E,1104","-6.5","E,1116","","","","","-5.0","E,0329","-5.0","E,0329","-5.0","E,0329","-7.3","E,0214","","","    3177.4","4","    3177.4","E","      9.07","E","     13.01","E","      5.13","E"
"UK000000000","1902","52.42","-1.83","78.0","CET CENTRAL ENGLAND, UK","      4.2","","       4.2","E","         0","E","        44","E","         2","E","        19","E","         0","E","   -9.1","E,0213, ","   27.8","E,0627, ","-0.3","E,1118","-4.1","E,1204","-6.3","E,1207","","","","","-0.6","E,0514","-3.6","E,0218","-6.4","E,0217","-9.1","E,0213","-9.1","E,0213","    3279.9","9","    3279.9","E","      8.83","E","     12.36","E","      5.31","E"
"UK000000000","1903","52.42","-1.83","78.0","CET CENTRAL ENGLAND, UK","      5.7","","       5.7","E","         0","E","        33","E","         1","E","        11","E","         0","E","   -6.1","E,1229, ","   25.8","E,0709, ","-0.7","E,1107","-2.3","E,1130","-6.1","E,1229","","","","","0.0","E,0423","-2.3","E,0418","-4.5","E,0116","","","","","    3253.2","2","    3253.2","E","      9.31","E","     12.67","E","      5.96","E"
"UK000000000","1904","52.42","-1.83","78.0","CET CENTRAL ENGLAND, UK","      9.5","","       9.5","E","         0","E","        52","E","         2","E","        31","E","         0","E","   -8.9","E,1124, ","   27.4","E,0802, ","-0.1","E,1013","-3.0","E,1123","-8.9","E,1124","-8.9","E,1124","-8.9","E,1124","-0.7","E,0330","-2.8","E,0312","-5.0","E,0229","","","","","    3360.6","6","    3360.6","E","      8.96","E","     12.64","E","      5.29","E"
"UK000000000","1905","52.42","-1.83","78.0","CET CENTRAL ENGLAND, UK","      4.5","","       4.5","E","         0","E","        42","E","         0","E","        30","E","         0","E","   -5.6","E,0119, ","   25.9","E,0707, ","-0.6","E,1016","-2.3","E,1017","","","","","","","-0.5","E,0408","-3.0","E,0127","-5.6","E,0119","","","","","    3259.3","3","    3259.3","E","      9.14","E","     12.73","E","      5.55","E"
"UK000000000","1906","52.42","-1.83","78.0","CET CENTRAL ENGLAND, UK","     15.3","","      15.3","E","         0","E","        55","E","         1","E","        50","E","         0","E","   -4.7","E,1227, ","   31.5","E,0901, ","-0.7","E,1113","-2.8","E,1210","-4.7","E,1227","","","","","0.0","E,0429","-2.5","E,0330","","","","","","","    3403.3","3","    3403.3","E","      9.42","E","     13.35","E","      5.50","E"
"UK000000000","1907","52.42","-1.83","78.0","CET CENTRAL ENGLAND, UK","      0.0","","       0.0","E","         0","E","        46","E","         0","E","        15","E","         0","E","   -7.0","E,0125, ","   24.4","E,0717, ","-1.3","E,1116","-3.4","E,1130","","","","","","","-0.6","E,0419","-2.4","E,0324","-4.6","E,0312","-7.0","E,0125","","","    3194.3","3","    3194.3","E","      8.85","E","     12.56","E","      5.14","E"
"UK000000000","1908","52.42","-1.83","78.0","CET CENTRAL ENGLAND, UK","      5.1","","       5.1","E","         0","E","        50","E","         1","E","        37","E","         0","E","  -10.8","E,1230, ","   27.3","E,0701, ","-1.3","E,1025","-4.8","E,1110","-4.8","E,1110","-10.8","E,1230","-10.8","E,1230","0.0","E,0426","-3.2","E,0424","-6.5","E,0113","-7.5","E,0105","","","    3333.2","2","    3333.2","E","      9.26","E","     13.00","E","      5.51","E"
"UK000000000","1909","52.42","-1.83","78.0","CET CENTRAL ENGLAND, UK","      2.6","","       2.6","E","         0","E","        78","E","         0","E","        16","E","         0","E","   -9.5","E,0305, ","   26.8","E,0814, ","-0.3","E,1026","-2.3","E,1031","-4.8","E,1220","-8.3","E,1221","","","-0.8","E,0501","-5.1","E,0317","-5.1","E,0317","-9.5","E,0305","-9.5","E,0305","    3325.7","7","    3325.7","E","      8.53","E","     12.38","E","      4.68","E"
"UK000000000","1910","52.42","-1.83","78.0","CET CENTRAL ENGLAND, UK","      0.0","","       0.0","E","         0","E","        46","E","         0","E","        21","E","         0","E","   -9.9","E,0127, ","   25.3","E,0619, ","-1.4","E,1105","-2.5","E,1110","-4.4","E,1122","","","","","0.0","E,0510","-2.3","E,0403","-4.4","E,0128","-9.9","E,0127","-9.9","E,0127","    3229.8","8","    3229.8","E","      9.14","E","     12.73","E","      5.56","E"
"UK000000000","1911","52.42","-1.83","78.0","CET CENTRAL ENGLAND, UK","     55.0","","      55.0","E","         0","E","        32","E","         0","E","        71","E","         0","E","   -6.8","E,0201, ","   31.7","E,0808, ","-3.4","E,1029","-3.4","E,1029","","","","","","","-1.9","E,0412","-2.6","E,0406","-5.9","E,0202","-6.8","E,0201","","","    3307.3","3","    3307.3","E","     10.06","E","     13.99","E","      6.13","E"
"UK000000000","1912","52.42","-1.83","78.0","CET CENTRAL ENGLAND, UK","     11.2","","      11.2","E","         0","E","        33","E","         3","E","        15","E","         0","E","   -9.1","E,0203, ","   29.1","E,0714, ","-0.6","E,1004","-2.7","E,1128","-4.6","E,1201","","","","","-1.8","E,0412","-3.0","E,0206","-6.6","E,0205","-7.0","E,0204","-9.1","E,0203","    2994.2","2","    2994.2","E","      9.35","E","     12.96","E","      5.74","E"
"UK000000000","1913","52.42","-1.83","78.0","CET CENTRAL ENGLAND, UK","      0.7","","       0.7","E","         0","E","        25","E","         0","E","        24","E","         0","E","   -4.6","E,1231, ","   26.0","E,0615, ","-0.9","E,1123","-4.6","E,1231","-4.6","E,1231","","","","","-0.6","E,0413","-3.4","E,0318","-4.4","E,0113","","","","","    3242.2","2","    3242.2","E","      9.79","E","     13.43","E","      6.15","E"
"UK000000000","1914","52.42","-1.83","78.0","CET CENTRAL ENGLAND, UK","      9.5","","       9.5","E","         0","E","        37","E","         0","E","        45","E","         0","E","   -5.2","E,0124, ","   28.7","E,0629, ","-1.2","E,1115","-2.4","E,1118","","","","","","","-0.3","E,0415","-5.2","E,0124","-5.2","E,0124","","","","","    3012.5","5","    3012.5","E","      9.89","E","     13.86","E","      5.92","E"
"UK000000000","1915","52.42","-1.83","78.0","CET CENTRAL ENGLAND, UK","      0.9","","       0.9","E","         0","E","        54","E","         0","E","        31","E","         0","E","   -6.4","E,1127, ","   25.8","E,0607, ","-0.2","E,1030","-3.9","E,1115","-5.1","E,1117","","","","","0.0","E,0515","-3.8","E,0330","","","","","","","    3182.9","9","    3182.9","E","      8.94","E","     12.88","E","      5.01","E"
"UK000000000","1916","52.42","-1.83","78.0","CET CENTRAL ENGLAND, UK","      2.0","","       2.0","E","         0","E","        60","E","         0","E","        32","E","         0","E","   -5.4","E,1216, ","   25.9","E,0731, ","-0.5","E,1022","-3.2","E,1128","-5.4","E,1216","","","","","-0.8","E,0408","-2.5","E,0324","","","","","","","    3404.2","2","    3404.2","E","      9.19","E","     12.88","E","      5.51","E"
"UK000000000","1917","52.42","-1.83","78.0","CET CENTRAL ENGLAND, UK","      5.9","","       5.9","E","         0","E","        93","E","         7","E","        39","E","         0","E","  -11.8","E,0207, ","   28.3","E,0616, ","-1.6","E,1015","-2.6","E,1028","-5.8","E,1219","","","","","-0.5","E,0507","-4.1","E,0403","-5.1","E,0402","-7.6","E,0309","-9.0","E,0208","    3491.7","7","    3491.7","E","      8.48","E","     12.19","E","      4.77","E"
"UK000000000","1918","52.42","-1.83","78.0","CET CENTRAL ENGLAND, UK","      6.1","","       6.1","E","         0","E","        35","E","         1","E","        34","E","         0","E","   -6.6","E,0109, ","   26.7","E,0821,+","-1.3","E,1107","-2.9","E,1114","","","","","","","-0.9","E,0420","-2.9","E,0218","-4.4","E,0117","","","","","    3259.3","3","    3259.3","E","      9.50","E","     13.33","E","      5.67","E"
"UK000000000","1919","52.42","-1.83","78.0","CET CENTRAL ENGLAND, UK","      4.2","","       4.2","E","         0","E","        64","E","         0","E","        41","E","         0","E","   -7.9","E,0209, ","   27.5","E,0910, ","-1.3","E,1015","-5.2","E,1112","-5.2","E,1112","","","","","-0.5","E,0427","-2.3","E,0330","-6.3","E,0213","-7.9","E,0209","","","    3320.8","8","    3320.8","E","      8.47","E","     12.30","E","      4.64","E"
"UK000000000","1920","52.42","-1.83","78.0","CET CENTRAL ENGLAND, UK","      0.0","","       0.0","E","         0","E","        28","E","         0","E","         9","E","         0","E","   -8.3","E,1213, ","   25.4","E,0524, ","-1.3","E,1106","-2.4","E,1121","-4.4","E,1122","-8.3","E,1213","","","-2.1","E,0309","-2.7","E,0308","-5.7","E,0107","","","","","    3252.8","8","    3252.8","E","      9.60","E","     13.20","E","      6.00","E"
"UK000000000","1921","52.42","-1.83","78.0","CET CENTRAL ENGLAND, UK","     36.9","","      36.9","E","         0","E","        33","E","         0","E","        57","E","         0","E","   -5.5","E,1109, ","   30.3","E,0709, ","-1.1","E,1107","-2.3","E,1108","-5.5","E,1109","","","","","-0.4","E,0505","-2.5","E,0115","","","","","","","    3059.0","0","    3059.0","E","     10.47","E","     14.63","E","      6.31","E"
"UK000000000","1922","52.42","-1.83","78.0","CET CENTRAL ENGLAND, UK","      2.5","","       2.5","E","         0","E","        45","E","         0","E","        17","E","         0","E","   -6.2","E,0206, ","   26.8","E,0531, ","-1.2","E,1026","-2.8","E,1125","","","","","","","-0.7","E,0429","-3.4","E,0402","-6.2","E,0206","","","","","    2995.1","1","    2995.1","E","      8.65","E","     12.21","E","      5.09","E"
"UK000000000","1923","52.42","-1.83","78.0","CET CENTRAL ENGLAND, UK","     26.3","","      26.3","E","         0","E","        42","E","         0","E","        27","E","         0","E","   -5.9","E,1225,+","   31.1","E,0711, ","-1.4","E,1106","-2.3","E,1107","-5.5","E,1125","","","","","-0.3","E,0424","-3.0","E,0113","","","","","","","    3428.9","9","    3428.9","E","      9.08","E","     12.49","E","      5.68","E"
"UK000000000","1924","52.42","-1.83","78.0","CET CENTRAL ENGLAND, UK","      2.4","","       2.4","E","         0","E","        53","E","         0","E","        12","E","         0","E","   -5.0","E,0215,+","   28.5","E,0711, ","-0.5","E,1104","-2.5","E,1105","","","","","","","-0.6","E,0417","-3.8","E,0318","-5.0","E,0215","","","","","    3381.7","7","    3381.7","E","      9.26","E","     12.56","E","      5.95","E"
"UK000000000","1925","52.42","-1.83","78.0","CET CENTRAL ENGLAND, UK","     13.6","","      13.6","E","         0","E","        48","E","         1","E","        35","E","         0","E","   -6.0","E,1204, ","   28.5","E,0721, ","-0.1","E,1010","-2.6","E,1110","-4.7","E,1127","","","","","-1.6","E,0404","-2.6","E,0322","","","","","","","    3045.6","6","    3045.6","E","      9.13","E","     12.73","E","      5.54","E"
"UK000000000","1926","52.42","-1.83","78.0","CET CENTRAL ENGLAND, UK","     17.6","","      17.6","E","         0","E","        28","E","         3","E","        34","E","         0","E","   -8.9","E,0117, ","   28.4","E,0713, ","-1.9","E,1018","-3.0","E,1019","","","","","","","0.0","E,0331","-4.5","E,0118","-4.5","E,0118","-8.9","E,0117","-8.9","E,0117","    3186.6","6","    3186.6","E","      9.75","E","     13.17","E","      6.33","E"
"UK000000000","1927","52.42","-1.83","78.0","CET CENTRAL ENGLAND, UK","      0.3","","       0.3","E","         0","E","        39","E","         6","E","        13","E","         0","E","   -6.6","E,1219, ","   25.5","E,0709, ","-0.5","E,1108","-3.5","E,1216","-4.5","E,1217","","","","","-1.0","E,0501","-2.2","E,0430","-5.3","E,0211","","","","","    3227.5","5","    3227.5","E","      9.19","E","     12.45","E","      5.92","E"
"UK000000000","1928","52.42","-1.83","78.0","CET CENTRAL ENGLAND, UK","      2.5","","       2.5","E","         0","E","        30","E","         0","E","        32","E","         0","E","   -5.1","E,0101, ","   25.7","E,0714,+","-2.6","E,1110","-2.6","E,1110","-4.8","E,1209","","","","","-0.4","E,0422","-4.2","E,0313","-5.1","E,0101","","","","","    3147.6","6","    3147.6","E","      9.56","E","     13.26","E","      5.87","E"
"UK000000000","1929","52.42","-1.83","78.0","CET CENTRAL ENGLAND, UK","      3.1","","       3.1","E","         0","E","        68","E","         6","E","        41","E","         0","E","  -12.5","E,0214, ","   28.2","E,0715, ","-0.6","E,1026","-2.9","E,1114","-4.5","E,1115","","","","","-0.1","E,0424","-2.7","E,0318","-4.8","E,0305","-7.1","E,0301","-9.8","E,0218","    3377.2","2","    3377.2","E","      9.02","E","     12.99","E","      5.04","E"
"UK000000000","1930","52.42","-1.83","78.0","CET CENTRAL ENGLAND, UK","     14.0","","      14.0","E","         0","E","        40","E","         0","E","        22","E","         0","E","   -7.7","E,0320, ","   30.2","E,0826, ","-0.2","E,1027","-3.6","E,1105","-6.1","E,1117","","","","","-7.7","E,0320","-7.7","E,0320","-7.7","E,0320","-7.7","E,0320","","","    3046.9","9","    3046.9","E","      9.39","E","     12.77","E","      6.02","E"
"UK000000000","1931","52.42","-1.83","78.0","CET CENTRAL ENGLAND, UK","      0.1","","       0.1","E","         0","E","        57","E","         0","E","        10","E","         0","E","   -5.4","E,0310, ","   23.3","E,0803, ","-0.4","E,1021","-2.8","E,1022","-4.8","E,1219","","","","","-0.4","E,0401","-3.5","E,0313","-5.4","E,0310","","","","","    3237.7","7","    3237.7","E","      8.99","E","     12.39","E","      5.59","E"
"UK000000000","1932","52.42","-1.83","78.0","CET CENTRAL ENGLAND, UK","     13.9","","      13.9","E","         0","E","        41","E","         0","E","        30","E","         0","E","   -5.0","E,0312, ","   30.3","E,0818, ","-0.9","E,1029","","","","","","","","","0.0","E,0508","-2.4","E,0314","-5.0","E,0312","","","","","    3291.6","6","    3291.6","E","      9.38","E","     12.87","E","      5.88","E"
"UK000000000","1933","52.42","-1.83","78.0","CET CENTRAL ENGLAND, UK","     43.7","","      43.7","E","         0","E","        63","E","         1","E","        65","E","         0","E","   -5.9","E,0123, ","   28.8","E,0726, ","0.0","E,1028","-3.2","E,1206","","","","","","","-0.9","E,0419","-3.1","E,0224","-4.5","E,0127","","","","","    3053.9","9","    3053.9","E","      9.83","E","     13.69","E","      5.97","E"
"UK000000000","1934","52.42","-1.83","78.0","CET CENTRAL ENGLAND, UK","     19.3","","      19.3","E","         0","E","        44","E","         0","E","        56","E","         0","E","   -3.6","E,0125, ","   28.9","E,0710, ","-0.7","E,1031","-2.2","E,1101","","","","","","","-0.8","E,0409","-3.1","E,0301","","","","","","","    3205.8","8","    3205.8","E","      9.98","E","     13.81","E","      6.14","E"
"UK000000000","1935","52.42","-1.83","78.0","CET CENTRAL ENGLAND, UK","     27.9","","      27.9","E","         0","E","        39","E","         1","E","        46","E","         0","E","   -8.4","E,1223, ","   28.2","E,0712, ","-2.2","E,1021","-2.2","E,1021","-7.7","E,1221","-7.7","E,1221","","","-1.3","E,0517","-2.9","E,0129","","","","","","","    2831.7","7","    2831.7","E","      9.69","E","     13.35","E","      6.03","E"
"UK000000000","1936","52.42","-1.83","78.0","CET CENTRAL ENGLAND, UK","      5.4","","       5.4","E","         0","E","        50","E","         1","E","        30","E","         0","E","   -6.7","E,0213, ","   27.4","E,0619, ","-1.0","E,1121","-2.6","E,1123","","","","","","","-2.3","E,0423","-2.3","E,0423","-5.1","E,0214","-6.7","E,0213","","","    3213.1","1","    3213.1","E","      9.32","E","     12.84","E","      5.80","E"
"UK000000000","1937","52.42","-1.83","78.0","CET CENTRAL ENGLAND, UK","     12.6","","      12.6","E","         0","E","        46","E","         0","E","        38","E","         0","E","   -4.3","E,1218, ","   27.6","E,0805, ","-1.4","E,1113","-3.3","E,1114","","","","","","","-0.8","E,0330","-2.3","E,0316","","","","","","","    3059.4","4","    3059.4","E","      9.57","E","     13.12","E","      6.02","E"
"UK000000000","1938","52.42","-1.83","78.0","CET CENTRAL ENGLAND, UK","      9.5","","       9.5","E","         0","E","        23","E","         2","E","        26","E","         0","E","   -6.1","E,1221,+","   26.3","E,0731, ","-0.6","E,1204","-2.5","E,1218","-6.1","E,1220","","","","","-0.9","E,0508","-2.2","E,0418","","","","","","","    3058.2","2","    3058.2","E","     10.19","E","     13.87","E","      6.51","E"
"UK000000000","1939","52.42","-1.83","78.0","CET CENTRAL ENGLAND, UK","      2.5","","       2.5","E","         0","E","        26","E","         0","E","        35","E","         0","E","   -7.2","E,1230, ","   28.4","E,0605, ","-3.4","E,1207","-3.4","E,1207","-5.2","E,1229","-7.2","E,1230","","","-0.3","E,0324","-3.4","E,0204","-4.6","E,0203","","","","","    2969.4","4","    2969.4","E","      9.64","E","     13.20","E","      6.07","E"
"UK000000000","1940","52.42","-1.83","78.0","CET CENTRAL ENGLAND, UK","      5.9","","       5.9","E","         0","E","        66","E","         6","E","        39","E","         0","E","  -13.4","E,0121, ","   28.3","E,0608, ","0.0","E,1129","-2.6","E,1130","","","","","","","-1.0","E,0418","-2.3","E,0329","-6.6","E,0218","-9.1","E,0124","-9.1","E,0124","    3167.3","3","    3167.3","E","      9.05","E","     13.03","E","      5.06","E"
"UK000000000","1941","52.42","-1.83","78.0","CET CENTRAL ENGLAND, UK","     25.5","","      25.5","E","         0","E","        59","E","         4","E","        40","E","         0","E","   -6.7","E,0116, ","   29.5","E,0620, ","-0.5","E,1105","-4.5","E,1229","-4.5","E,1229","","","","","-0.4","E,0516","-2.5","E,0330","-6.1","E,0118","-6.7","E,0116","","","    3456.4","4","    3456.4","E","      9.11","E","     12.67","E","      5.54","E"
"UK000000000","1942","52.42","-1.83","78.0","CET CENTRAL ENGLAND, UK","     13.7","","      13.7","E","         0","E","        62","E","         4","E","        26","E","         0","E","   -7.1","E,0121, ","   29.8","E,0827, ","-0.9","E,1114","-3.2","E,1122","","","","","","","0.0","E,0329","-3.3","E,0308","-5.1","E,0228","-7.1","E,0121","","","    3198.7","7","    3198.7","E","      9.06","E","     12.77","E","      5.35","E"
"UK000000000","1943","52.42","-1.83","78.0","CET CENTRAL ENGLAND, UK","     10.2","","      10.2","E","         0","E","        38","E","         0","E","        35","E","         0","E","   -3.9","E,1214, ","   30.9","E,0730, ","-0.3","E,1117","-3.9","E,1214","","","","","","","-0.7","E,0322","-2.4","E,0208","","","","","","","    2927.4","4","    2927.4","E","     10.00","E","     13.78","E","      6.23","E"
"UK000000000","1944","52.42","-1.83","78.0","CET CENTRAL ENGLAND, UK","      6.9","","       6.9","E","         0","E","        44","E","         0","E","        40","E","         0","E","   -5.2","E,1226, ","   29.0","E,0528, ","-0.3","E,1116","-3.4","E,1225","-5.2","E,1226","","","","","-1.1","E,0401","-3.0","E,0315","-4.4","E,0229","","","","","    3118.9","9","    3118.9","E","      9.54","E","     13.26","E","      5.82","E"
"UK000000000","1945","52.42","-1.83","78.0","CET CENTRAL ENGLAND, UK","      7.0","","       7.0","E","         0","E","        40","E","         5","E","        41","E","         0","E","  -10.6","E,0126, ","   26.3","E,0713, ","-1.0","E,1115","-2.3","E,1209","","","","","","","-0.1","E,0502","-2.9","E,0303","-6.9","E,0130","-6.9","E,0130","-10.3","E,0127","    3027.6","6","    3027.6","E","     10.24","E","     13.90","E","      6.57","E"
"UK000000000","1946","52.42","-1.83","78.0","CET CENTRAL ENGLAND, UK","      4.5","","       4.5","E","         0","E","        55","E","         3","E","        22","E","         0","E","   -8.2","E,1221, ","   27.3","E,0711, ","-1.7","E,1029","-3.8","E,1216","-8.2","E,1221","-8.2","E,1221","","","-1.4","E,0327","-2.7","E,0310","-4.4","E,0301","-6.8","E,0121","","","    3003.9","9","    3003.9","E","      9.44","E","     13.05","E","      5.83","E"
"UK000000000","1947","52.42","-1.83","78.0","CET CENTRAL ENGLAND, UK","     60.6","","      60.6","E","         0","E","        73","E","        21","E","        70","E","         0","E","  -13.6","E,0224, ","   30.0","E,0601, ","-0.1","E,1021","-3.2","E,1127","-6.4","E,1201","","","","","-1.8","E,0316","-4.7","E,0315","-4.7","E,0315","-9.3","E,0307","-9.3","E,0307","    3318.5","5","    3318.5","E","      9.55","E","     13.30","E","      5.80","E"
"UK000000000","1948","52.42","-1.83","78.0","CET CENTRAL ENGLAND, UK","     23.7","","      23.7","E","         0","E","        32","E","         1","E","        21","E","         0","E","   -5.0","E,0221, ","   31.6","E,0728, ","-2.0","E,1027","-2.3","E,1109","-4.6","E,1227","","","","","-0.1","E,0405","-4.7","E,0222","-4.7","E,0222","","","","","    2791.4","4","    2791.4","E","     10.03","E","     13.81","E","      6.25","E"
"UK000000000","1949","52.42","-1.83","78.0","CET CENTRAL ENGLAND, UK","     30.6","","      30.6","E","         0","E","        31","E","         0","E","        63","E","         0","E","   -5.2","E,0204, ","   30.2","E,0711, ","-0.8","E,1028","-2.8","E,1212","","","","","","","0.0","E,0409","-2.2","E,0310","-5.0","E,0205","","","","","    2958.3","3","    2958.3","E","     10.61","E","     14.65","E","      6.58","E"
"UK000000000","1950","52.42","-1.83","78.0","CET CENTRAL ENGLAND, UK","      9.1","","       9.1","E","         0","E","        56","E","         1","E","        31","E","         0","E","   -6.3","E,1206, ","   29.9","E,0605, ","-1.7","E,1028","-3.7","E,1203","-4.8","E,1205","","","","","0.0","E,0426","-2.8","E,0301","-4.9","E,0127","","","","","    2801.3","3","    2801.3","E","      9.38","E","     12.89","E","      5.88","E"
"UK000000000","1951","52.42","-1.83","78.0","CET CENTRAL ENGLAND, UK","      1.9","","       1.9","E","         0","E","        35","E","         0","E","        20","E","         0","E","   -4.7","E,1211, ","   25.2","E,0720, ","-2.6","E,1023","-2.6","E,1023","-4.7","E,1211","","","","","-0.1","E,0411","-2.5","E,0305","","","","","","","    3400.3","3","    3400.3","E","      9.27","E","     12.82","E","      5.71","E"
"UK000000000","1952","52.42","-1.83","78.0","CET CENTRAL ENGLAND, UK","     13.1","","      13.1","E","         0","E","        68","E","         0","E","        36","E","         0","E","   -8.1","E,0127, ","   28.8","E,0630, ","-1.0","E,1011","-3.2","E,1124","-5.6","E,1125","","","","","-0.8","E,0403","-2.4","E,0228","-7.4","E,0128","-7.4","E,0128","","","    3026.4","4","    3026.4","E","      9.08","E","     12.70","E","      5.46","E"
"UK000000000","1953","52.42","-1.83","78.0","CET CENTRAL ENGLAND, UK","     11.6","","      11.6","E","         0","E","        40","E","         0","E","        31","E","         0","E","   -4.5","E,0105, ","   29.8","E,0811, ","-0.9","E,1221","","","","","","","","","-0.5","E,0408","-2.5","E,0316","-4.5","E,0105","","","","","    3362.3","3","    3362.3","E","      9.84","E","     13.55","E","      6.14","E"
"UK000000000","1954","52.42","-1.83","78.0","CET CENTRAL ENGLAND, UK","","","","","         0","E","        36","E","         6","E","         8","E","         0","E","   -8.9","E,0202, ","   26.6","E,0831, ","-1.5","E,1026","-2.2","E,1118","","","","","","","-0.1","E,0304","-3.0","E,0303","-5.5","E,0302","-8.9","E,0202","-8.9","E,0202","    3166.3","3","    3166.3","E","      9.20","E","     12.67","E","      5.74","E"
"UK000000000","1955","52.42","-1.83","78.0","CET CENTRAL ENGLAND, UK","     36.3","","      36.3","E","         0","E","        73","E","         3","E","        54","E","         0","E","   -7.8","E,0228, ","   28.1","E,0822,+","-2.0","E,1016","-2.2","E,1018","-4.8","E,1219","","","","","-0.7","E,0401","-3.8","E,0331","-4.5","E,0320","-7.8","E,0228","","","","","","","      9.28","E","     13.22","E","      5.35","E"
"UK000000000","1956","52.42","-1.83","78.0","CET CENTRAL ENGLAND, UK","      1.6","","       1.6","E","         0","E","        61","E","         6","E","        16","E","         0","E","  -10.4","E,0203, ","   23.9","E,0726,+","-3.1","E,1122","-3.1","E,1122","","","","","","","-0.4","E,0429","-2.3","E,0314","-4.9","E,0226","-9.7","E,0204","-9.7","E,0204","    3110.1","1","    3110.1","E","      8.86","E","     12.54","E","      5.17","E"
"UK000000000","1957","52.42","-1.83","78.0","CET CENTRAL ENGLAND, UK","     16.7","","      16.7","E","         0","E","        26","E","         0","E","        32","E","         0","E","   -4.1","E,1217, ","   28.4","E,0705, ","-0.5","E,1107","-3.6","E,1202","","","","","","","-0.1","E,0304","-2.3","E,0221","","","","","","","    2966.6","6","    2966.6","E","     10.01","E","     13.73","E","      6.29","E"
"UK000000000","1958","52.42","-1.83","78.0","CET CENTRAL ENGLAND, UK","","","","","         0","E","        52","E","         0","E","        26","E","         0","E","   -7.3","E,0124, ","   25.2","E,0718, ","-1.0","E,1111","","","","","","","","","-0.8","E,0413","-2.2","E,0402","-5.0","E,0311","-7.3","E,0124","","","","","","","      9.39","E","     12.93","E","      5.84","E"
"UK000000000","1959","52.42","-1.83","78.0","CET CENTRAL ENGLAND, UK","     25.5","","      25.5","E","         0","E","        40","E","         1","E","        74","E","         0","E","   -7.0","E,0116, ","   28.7","E,0703, ","-0.1","E,1106","-3.9","E,1112","","","","","","","0.0","E,0220","-3.2","E,0129","-6.0","E,0117","-7.0","E,0116","","","    3015.7","7","    3015.7","E","     10.48","E","     14.62","E","      6.34","E"
"UK000000000","1960","52.42","-1.83","78.0","CET CENTRAL ENGLAND, UK","","","","","         0","E","        40","E","         0","E","        25","E","         0","E","   -4.7","E,0114, ","   28.0","E,0604, ","-0.3","E,1013","-3.3","E,1213","","","","","","","-0.3","E,0309","-2.9","E,0224","-4.7","E,0114","","","","","","","","","      9.69","E","     13.36","E","      6.02","E"
"UK000000000","1961","52.42","-1.83","78.0","CET CENTRAL ENGLAND, UK","","","","","         0","E","        34","E","         4","E","        26","E","         0","E","   -7.5","E,1229, ","   29.6","E,0828, ","-0.4","E,1109","-2.2","E,1128","-4.8","E,1207","-6.7","E,1228","","","-0.3","E,0320","-2.2","E,0126","","","","","","","    3022.3","3","    3022.3","E","      9.90","E","     13.72","E","      6.07","E"
"UK000000000","1962","52.42","-1.83","78.0","CET CENTRAL ENGLAND, UK","      0.0","","       0.0","E","         0","E","        62","E","         5","E","        10","E","         0","E","   -8.7","E,0102, ","   22.9","E,0607, ","-1.6","E,1027","-3.1","E,1120","-6.2","E,1205","-6.8","E,1206","","","0.0","E,0414","-2.5","E,0328","-4.5","E,0318","-7.8","E,0103","","","","","","","      8.57","E","     12.20","E","      4.94","E"
"UK000000000","1963","52.42","-1.83","78.0","CET CENTRAL ENGLAND, UK","      0.7","","       0.7","E","         0","E","        78","E","        14","E","        23","E","         0","E","  -13.2","E,0123, ","   26.8","E,0729, ","-0.9","E,1121","-3.6","E,1219","-6.2","E,1221","-7.6","E,1224","","","-2.1","E,0324","-2.7","E,0304","-5.1","E,0302","-8.8","E,0225","-9.9","E,0126","    3619.6","6","    3619.6","E","      8.49","E","     12.06","E","      4.92","E"
"UK000000000","1964","52.42","-1.83","78.0","CET CENTRAL ENGLAND, UK","      4.5","","       4.5","E","         0","E","        52","E","         0","E","        39","E","         0","E","   -9.2","E,1229, ","   26.2","E,0825, ","-0.7","E,1013","-4.9","E,1130","-4.9","E,1130","-9.2","E,1229","-9.2","E,1229","0.0","E,0407","-2.5","E,0222","-4.9","E,0221","","","","","    3214.6","6","    3214.6","E","      9.44","E","     13.17","E","      5.71","E"
"UK000000000","1965","52.42","-1.83","78.0","CET CENTRAL ENGLAND, UK","      0.2","","       0.2","E","         0","E","        55","E","         0","E","        16","E","         0","E","   -9.3","E,0303, ","   26.0","E,0513, ","-4.0","E,1114","-4.0","E,1114","-4.7","E,1115","-6.7","E,1228","","","-0.8","E,0401","-2.5","E,0311","-6.1","E,0307","-9.3","E,0303","-9.3","E,0303","    3229.3","3","    3229.3","E","      8.93","E","     12.54","E","      5.31","E"
"UK000000000","1966","52.42","-1.83","78.0","CET CENTRAL ENGLAND, UK","      1.0","","       1.0","E","         0","E","        29","E","         2","E","        21","E","         0","E","   -8.2","E,0119, ","   25.5","E,0608, ","-1.1","E,1111","-2.2","E,1124","","","","","","","-0.5","E,0415","-6.5","E,0120","-6.5","E,0120","-8.2","E,0119","","","    3180.0","0","    3180.0","E","      9.48","E","     12.91","E","      6.04","E"
"UK000000000","1967","52.42","-1.83","78.0","CET CENTRAL ENGLAND, UK","      4.2","","       4.2","E","         0","E","        34","E","         1","E","        26","E","         0","E","   -5.6","E,1209, ","   27.1","E,0716, ","-1.9","E,1117","-3.6","E,1208","-5.6","E,1209","","","","","-1.5","E,0503","-4.0","E,0401","-4.8","E,0109","","","","","    3188.1","1","    3188.1","E","      9.62","E","     13.03","E","      6.20","E"
"UK000000000","1968","52.42","-1.83","78.0","CET CENTRAL ENGLAND, UK","      3.4","","       3.4","E","         0","E","        57","E","         0","E","        25","E","         0","E","   -8.0","E,0110, ","   26.5","E,0630, ","-0.1","E,1104","-2.3","E,1109","-4.6","E,1214","","","","","-0.2","E,0412","-3.6","E,0408","-4.4","E,0204","-8.0","E,0110","","","    3198.2","2","    3198.2","E","      9.29","E","     12.69","E","      5.90","E"
"UK000000000","1969","52.42","-1.83","78.0","CET CENTRAL ENGLAND, UK","     17.8","","      17.8","E","         0","E","        65","E","         1","E","        41","E","         0","E","   -7.9","E,0208, ","   28.2","E,0715, ","-4.0","E,1118","-4.0","E,1118","","","","","","","-1.7","E,0420","-3.2","E,0328","-5.7","E,0218","-6.9","E,0217","","","    3251.8","8","    3251.8","E","      9.25","E","     12.84","E","      5.65","E"
"UK000000000","1970","52.42","-1.83","78.0","CET CENTRAL ENGLAND, UK","     17.3","","      17.3","E","         0","E","        57","E","         0","E","        40","E","         0","E","   -8.2","E,0107, ","   30.1","E,0706, ","-1.0","E,1116","-2.3","E,1225","","","","","","","-0.9","E,0428","-4.3","E,0310","-6.0","E,0309","-6.7","E,0215","","","    3085.3","3","    3085.3","E","      9.55","E","     13.19","E","      5.90","E"
"UK000000000","1971","52.42","-1.83","78.0","CET CENTRAL ENGLAND, UK","      5.4","","       5.4","E","         0","E","        34","E","         2","E","        31","E","         0","E","   -6.0","E,0104, ","   27.0","E,0707, ","-0.7","E,1107","-3.7","E,1120","","","","","","","-0.8","E,0323","-3.9","E,0307","-5.7","E,0105","","","","","    3153.0","0","    3153.0","E","      9.70","E","     13.46","E","      5.95","E"
"UK000000000","1972","52.42","-1.83","78.0","CET CENTRAL ENGLAND, UK","      0.8","","       0.8","E","         0","E","        28","E","         0","E","        17","E","         0","E","   -9.2","E,0131, ","   25.6","E,0717, ","-1.2","E,1114","-2.5","E,1118","","","","","","","0.0","E,0314","-7.6","E,0201","-7.6","E,0201","-7.6","E,0201","-9.2","E,0131","    3078.4","4","    3078.4","E","      9.19","E","     12.73","E","      5.64","E"
"UK000000000","1973","52.42","-1.83","78.0","CET CENTRAL ENGLAND, UK","      9.4","","       9.4","E","         0","E","        46","E","         0","E","        43","E","         0","E","   -6.1","E,0215, ","   28.5","E,0815, ","-0.6","E,1030","-2.7","E,1120","-4.4","E,1128","","","","","-1.0","E,0410","-3.2","E,0409","-6.1","E,0215","","","","","    3116.0","0","    3116.0","E","      9.52","E","     13.32","E","      5.71","E"
"UK000000000","1974","52.42","-1.83","78.0","CET CENTRAL ENGLAND, UK","      0.5","","       0.5","E","         0","E","        11","E","         0","E","        18","E","         0","E","   -3.7","E,0101, ","   25.1","E,0620, ","0.0","E,1213","","","","","","","","","-1.7","E,0306","-2.5","E,0102","","","","","","","    3069.9","9","    3069.9","E","      9.62","E","     13.20","E","      6.03","E"
"UK000000000","1975","52.42","-1.83","78.0","CET CENTRAL ENGLAND, UK","     43.3","","      43.3","E","         0","E","        34","E","         0","E","        64","E","         0","E","   -3.4","E,1214, ","   31.9","E,0803, ","-3.0","E,1114","-3.0","E,1114","","","","","","","0.0","E,0410","-3.0","E,0228","","","","","","","    3116.8","8","    3116.8","E","      9.99","E","     13.89","E","      6.10","E"
"UK000000000","1976","52.42","-1.83","78.0","CET CENTRAL ENGLAND, UK","     82.3","","      82.3","E","         0","E","        53","E","         0","E","        66","E","         1","E","   -5.5","E,1229, ","   33.2","E,0702, ","-0.5","E,1103","-3.2","E,1203","-5.1","E,1204","","","","","-1.4","E,0429","-2.4","E,0324","","","","","","","    2945.6","6","    2945.6","E","     10.08","E","     13.93","E","      6.23","E"
"UK000000000","1977","52.42","-1.83","78.0","CET CENTRAL ENGLAND, UK","      4.2","","       4.2","E","         0","E","        36","E","         1","E","        21","E","         0","E","   -4.4","E,0117, ","   26.8","E,0705, ","0.0","E,1126","","","","","","","","","0.0","E,0418","-3.2","E,0228","-4.4","E,0117","","","","","    3243.6","6","    3243.6","E","      9.48","E","     12.89","E","      6.06","E"
"UK000000000","1978","52.42","-1.83","78.0","CET CENTRAL ENGLAND, UK","      2.3","","       2.3","E","         0","E","        50","E","         1","E","        24","E","         0","E","   -6.7","E,0211, ","   26.3","E,0531,+","-4.6","E,1127","-4.6","E,1127","-4.6","E,1127","","","","","-0.2","E,0415","-3.4","E,0411","-4.4","E,0218","-6.7","E,0211","","","    3190.7","7","    3190.7","E","      9.42","E","     12.92","E","      5.91","E"
"UK000000000","1979","52.42","-1.83","78.0","CET CENTRAL ENGLAND, UK","      2.0","","       2.0","E","         0","E","        69","E","         4","E","        30","E","         0","E","  -11.1","E,0128, ","   27.4","E,0726, ","-4.4","E,1113","-4.4","E,1113","-4.4","E,1113","","","","","-0.4","E,0505","-2.2","E,0226","-5.2","E,0215","-11.1","E,0128","-11.1","E,0128","    3382.4","4","    3382.4","E","      8.82","E","     12.34","E","      5.29","E"
"UK000000000","1980","52.42","-1.83","78.0","CET CENTRAL ENGLAND, UK","      4.6","","       4.6","E","         0","E","        37","E","         0","E","        31","E","         0","E","   -5.6","E,0114, ","   27.5","E,0603, ","-1.5","E,1103","-4.1","E,1201","-4.5","E,1208","","","","","-0.3","E,0404","-3.9","E,0322","-5.6","E,0114","","","","","    3186.1","1","    3186.1","E","      9.43","E","     13.01","E","      5.84","E"
"UK000000000","1981","52.42","-1.83","78.0","CET CENTRAL ENGLAND, UK","      1.5","","       1.5","E","         0","E","        54","E","         5","E","        35","E","         0","E","  -15.9","E,1213, ","   25.5","E,0804, ","-0.8","E,1016","-3.8","E,1209","-6.8","E,1210","-6.8","E,1210","-13.2","E,1212","0.0","E,0425","-3.5","E,0225","-4.8","E,0215","","","","","    3116.8","8","    3116.8","E","      9.17","E","     12.78","E","      5.56","E"
"UK000000000","1982","52.42","-1.83","78.0","CET CENTRAL ENGLAND, UK","     14.1","","      14.1","E","         0","E","        38","E","         8","E","        45","E","         0","E","  -12.9","E,0114, ","   27.7","E,0604, ","0.0","E,1024","-2.4","E,1130","-5.2","E,1223","","","","","-0.5","E,0505","-3.3","E,0224","-6.5","E,0116","-12.8","E,0115","-12.8","E,0115","    3239.6","6","    3239.6","E","      9.79","E","     13.63","E","      5.96","E"
"UK000000000","1983","52.42","-1.83","78.0","CET CENTRAL ENGLAND, UK","     53.8","","      53.8","E","         0","E","        42","E","         0","E","        59","E","         0","E","   -6.6","E,1123, ","   29.3","E,0715, ","-0.4","E,1023","-2.4","E,1115","-4.4","E,1122","","","","","0.0","E,0409","-4.4","E,0223","-4.4","E,0223","","","","","    3084.0","0","    3084.0","E","      9.97","E","     13.67","E","      6.27","E"
"UK000000000","1984","52.42","-1.83","78.0","CET CENTRAL ENGLAND, UK","     19.5","","      19.5","E","         0","E","        37","E","         0","E","        58","E","         0","E","   -4.7","E,0215, ","   30.0","E,0707, ","-0.3","E,1027","-2.2","E,1229","","","","","","","-1.9","E,0405","-3.0","E,0403","-4.7","E,0215","","","","","    3077.3","3","    3077.3","E","      9.68","E","     13.57","E","      5.80","E"
"UK000000000","1985","52.42","-1.83","78.0","CET CENTRAL ENGLAND, UK","      2.6","","       2.6","E","         0","E","        63","E","        10","E","        21","E","         0","E","   -8.9","E,0117, ","   26.6","E,0724, ","-2.2","E,1103","-2.2","E,1103","-4.7","E,1129","-7.3","E,1229","","","-1.9","E,0426","-4.3","E,0320","-7.2","E,0219","-7.2","E,0219","-8.9","E,0117","    3217.3","3","    3217.3","E","      8.81","E","     12.41","E","      5.22","E"
"UK000000000","1986","52.42","-1.83","78.0","CET CENTRAL ENGLAND, UK","     12.7","","      12.7","E","         0","E","        54","E","         5","E","        19","E","         0","E","   -8.7","E,0210, ","   28.1","E,0627, ","-0.1","E,1210","","","","","","","","","-0.6","E,0411","-3.3","E,0304","-6.5","E,0303","-8.2","E,0221","","","    3406.4","4","    3406.4","E","      8.69","E","     12.32","E","      5.05","E"
"UK000000000","1987","52.42","-1.83","78.0","CET CENTRAL ENGLAND, UK","","","","","         0","E","        63","E","         6","E","        23","E","         0","E","   -9.7","E,0112, ","   26.8","E,0819, ","-0.2","E,1025","-2.9","E,1208","","","","","","","-1.2","E,0322","-3.2","E,0313","-6.7","E,0201","-6.7","E,0201","-9.6","E,0113","    3331.1","1","    3331.1","E","      9.02","E","     12.54","E","      5.50","E"
"UK000000000","1988","52.42","-1.83","78.0","CET CENTRAL ENGLAND, UK","      0.5","","       0.5","E","         0","E","        30","E","         0","E","        20","E","         0","E","   -5.0","E,1122, ","   27.5","E,0806, ","-1.5","E,1030","-2.3","E,1101","-5.0","E,1122","","","","","-0.2","E,0425","-3.2","E,0302","","","","","","","","","","","      9.72","E","     13.30","E","      6.14","E"
"UK000000000","1989","52.42","-1.83","78.0","CET CENTRAL ENGLAND, UK","     30.5","","      30.5","E","         0","E","        30","E","         0","E","        64","E","         0","E","   -5.2","E,1126, ","   29.7","E,0720, ","-1.0","E,1106","-2.9","E,1124","-5.2","E,1126","","","","","-0.3","E,0426","-2.9","E,0318","","","","","","","    2999.8","8","    2999.8","E","     10.42","E","     14.47","E","      6.37","E"
"UK000000000","1990","52.42","-1.83","78.0","CET CENTRAL ENGLAND, UK","     35.4","","      35.4","E","         0","E","        25","E","         0","E","        56","E","         2","E","   -3.3","E,1215, ","   33.2","E,0802, ","0.0","E,1122","-2.9","E,1206","","","","","","","-1.6","E,0409","-2.4","E,0406","","","","","","","    2739.5","5","    2739.5","E","     10.56","E","     14.60","E","      6.53","E"
"UK000000000","1991","52.42","-1.83","78.0","CET CENTRAL ENGLAND, UK","     11.5","","      11.5","E","         0","E","        53","E","         4","E","        51","E","         0","E","   -7.4","E,1212, ","   27.4","E,0728, ","-0.1","E,1110","-2.2","E,1121","-6.2","E,1211","-7.4","E,1212","","","-0.2","E,0421","-4.1","E,0219","-4.5","E,0215","-7.2","E,0214","","","    3219.3","3","    3219.3","E","      9.46","E","     13.22","E","      5.69","E"
"UK000000000","1992","52.42","-1.83","78.0","CET CENTRAL ENGLAND, UK","      3.6","","       3.6","E","         0","E","        39","E","         0","E","        45","E","         0","E","   -5.7","E,0123, ","   28.1","E,0628, ","-1.2","E,1017","-2.2","E,1114","-4.9","E,1230","","","","","-0.8","E,0309","-3.2","E,0201","-5.7","E,0123","","","","","    2862.1","1","    2862.1","E","      9.80","E","     13.51","E","      6.08","E"
"UK000000000","1993","52.42","-1.83","78.0","CET CENTRAL ENGLAND, UK","      0.8","","       0.8","E","         0","E","        35","E","         2","E","        22","E","         0","E","   -6.1","E,0103, ","   25.0","E,0607, ","-0.1","E,1015","-2.7","E,1016","-5.1","E,1123","","","","","-1.9","E,0327","-2.8","E,0326","-6.1","E,0103","","","","","    3061.2","2","    3061.2","E","      9.44","E","     13.07","E","      5.81","E"
"UK000000000","1994","52.42","-1.83","78.0","CET CENTRAL ENGLAND, UK","     16.4","","      16.4","E","         0","E","        26","E","         1","E","        42","E","         0","E","   -4.2","E,1224,+","   27.7","E,0729,+","-0.1","E,1214","-3.7","E,1215","","","","","","","-0.2","E,0224","-3.8","E,0222","","","","","","","    3290.3","3","    3290.3","E","     10.20","E","     13.84","E","      6.55","E"
"UK000000000","1995","52.42","-1.83","78.0","CET CENTRAL ENGLAND, UK","","","","","         0","E","        44","E","         2","E","        64","E","         0","E","   -8.0","E,1229, ","   31.9","E,0731, ","-1.1","E,1105","-2.4","E,1209","-4.6","E,1226","-8.0","E,1229","","","-1.3","E,0421","-4.2","E,0304","-5.7","E,0103","","","","","    2781.7","7","    2781.7","E","     10.45","E","     14.53","E","      6.37","E"
"UK000000000","1996","52.42","-1.83","78.0","CET CENTRAL ENGLAND, UK","      9.9","","       9.9","E","         0","E","        66","E","         4","E","        39","E","         0","E","   -5.8","E,0207, ","   29.2","E,0818,+","-1.4","E,1111","-3.6","E,1128","","","","","","","-0.4","E,0504","-2.4","E,0404","-4.6","E,0208","","","","","","","","","      9.19","E","     12.98","E","      5.39","E"
"UK000000000","1997","52.42","-1.83","78.0","CET CENTRAL ENGLAND, UK","     44.2","","      44.2","E","         0","E","        35","E","         0","E","        55","E","         0","E","   -4.5","E,0103,+","   30.4","E,0809, ","-1.1","E,1025","-3.8","E,1029","","","","","","","-2.2","E,0421","-2.2","E,0421","-4.5","E,0103","","","","","    2987.6","6","    2987.6","E","     10.50","E","     14.50","E","      6.51","E"
"UK000000000","1998","52.42","-1.83","78.0","CET CENTRAL ENGLAND, UK","      4.8","","       4.8","E","         0","E","        31","E","         0","E","        28","E","         0","E","   -3.9","E,1206, ","   26.5","E,0810, ","0.0","E,1018","-2.2","E,1117","","","","","","","-0.1","E,0415","-2.5","E,0203","","","","","","","    2755.5","5","    2755.5","E","     10.34","E","     14.04","E","      6.64","E"
"UK000000000","1999","52.42","-1.83","78.0","CET CENTRAL ENGLAND, UK","     22.3","","      22.3","E","         0","E","        24","E","         0","E","        51","E","         0","E","   -6.9","E,1220, ","   29.8","E,0730, ","-0.1","E,1121","-3.6","E,1219","-6.9","E,1220","-6.9","E,1220","","","-0.7","E,0419","-2.3","E,0415","","","","","","","    2814.6","6","    2814.6","E","     10.61","E","     14.52","E","      6.70","E"
"UK000000000","2000","52.42","-1.83","78.0","CET CENTRAL ENGLAND, UK","      8.0","","       8.0","E","         0","E","        21","E","         0","E","        40","E","         0","E","   -4.3","E,1231, ","   29.4","E,0617, ","-0.3","E,1217","-4.0","E,1229","","","","","","","-1.3","E,0416","-2.7","E,0220","","","","","","","    2814.0","0","    2814.0","E","     10.30","E","     13.93","E","      6.66","E"
"UK000000000","2001","52.42","-1.83","78.0","CET CENTRAL ENGLAND, UK","     33.3","","      33.3","E","         0","E","        57","E","         0","E","        43","E","         0","E","   -5.0","E,0305, ","   28.8","E,0625, ","-1.7","E,1110","-2.2","E,1215","","","","","","","-0.2","E,0421","-2.3","E,0319","-5.0","E,0305","","","","","    3080.3","3","    3080.3","E","      9.90","E","     13.68","E","      6.12","E"
"UK000000000","2002","52.42","-1.83","78.0","CET CENTRAL ENGLAND, UK","      8.4","","       8.4","E","         0","E","        14","E","         0","E","        39","E","         0","E","   -6.5","E,0101, ","   28.1","E,0728, ","-0.9","E,1019","","","","","","","","","-0.1","E,0416","-3.6","E,0105","-5.1","E,0104","","","","","    2789.8","8","    2789.8","E","     10.61","E","     14.36","E","      6.86","E"
"UK000000000","2003","52.42","-1.83","78.0","CET CENTRAL ENGLAND, UK","     50.0","","      50.0","E","         0","E","        56","E","         0","E","        69","E","         1","E","   -5.3","E,0218, ","   32.8","E,0808, ","-1.7","E,1021","-3.0","E,1208","","","","","","","-0.8","E,0412","-3.4","E,0219","-5.3","E,0218","","","","","    2798.4","4","    2798.4","E","     10.49","E","     14.85","E","      6.13","E"
"UK000000000","2004","52.42","-1.83","78.0","CET CENTRAL ENGLAND, UK","     21.7","","      21.7","E","         0","E","        37","E","         0","E","        47","E","         0","E","   -5.8","E,0302, ","   29.0","E,0807, ","-0.5","E,1114","-3.2","E,1220","","","","","","","-0.3","E,0312","-5.8","E,0302","-5.8","E,0302","","","","","    2854.4","4","    2854.4","E","     10.49","E","     14.21","E","      6.78","E"
"UK000000000","2005","52.42","-1.83","78.0","CET CENTRAL ENGLAND, UK","     29.7","","      29.7","E","         0","E","        43","E","         0","E","        49","E","         0","E","   -4.5","E,1229, ","   29.1","E,0619, ","-0.4","E,1114","-2.5","E,1117","-4.4","E,1218","","","","","-0.6","E,0417","-2.6","E,0228","","","","","","","    2842.0","0","    2842.0","E","     10.44","E","     14.22","E","      6.67","E"
"UK000000000","2006","52.42","-1.83","78.0","CET CENTRAL ENGLAND, UK","     75.9","","      75.9","E","         0","E","        40","E","         1","E","        63","E","         1","E","   -6.1","E,0304, ","   32.9","E,0719, ","-0.8","E,1102","","","","","","","","","-1.7","E,0410","-3.0","E,0405","-6.1","E,0304","","","","","    2978.0","0","    2978.0","E","     10.82","E","     14.53","E","      7.12","E"
"UK000000000","2007","52.42","-1.83","78.0","CET CENTRAL ENGLAND, UK","      2.0","","       2.0","E","         0","E","        31","E","         0","E","        22","E","         0","E","   -6.8","E,0207, ","   26.9","E,0805, ","-1.1","E,1112","-2.3","E,1116","","","","","","","-0.9","E,0322","-2.2","E,0321","-6.8","E,0207","-6.8","E,0207","","","    2520.4","4","    2520.4","E","     10.46","E","     14.21","E","      6.72","E"
"UK000000000","2008","52.42","-1.83","78.0","CET CENTRAL ENGLAND, UK","     11.1","","      11.1","E","         0","E","        44","E","         1","E","        26","E","         0","E","   -5.2","E,0217, ","   26.7","E,0727, ","-0.2","E,1028","-3.0","E,1029","","","","","","","-0.1","E,0416","-3.4","E,0305","-4.8","E,0218","","","","","    2976.2","2","    2976.2","E","      9.96","E","     13.61","E","      6.31","E"
"UK000000000","2009","52.42","-1.83","78.0","CET CENTRAL ENGLAND, UK","     14.8","","      14.8","E","         0","E","        45","E","         0","E","        35","E","         0","E","   -7.3","E,0107, ","   28.3","E,0630, ","-2.2","E,1201","-2.2","E,1201","-6.1","E,1219","","","","","-1.1","E,0329","-3.0","E,0212","-5.0","E,0110","-7.3","E,0107","","","    3107.4","4","    3107.4","E","     10.08","E","     13.77","E","      6.39","E"
"UK000000000","2010","52.42","-1.83","78.0","CET CENTRAL ENGLAND, UK","      4.1","","       4.1","E","         0","E","        79","E","        13","E","        42","E","         0","E","  -12.4","E,1220, ","   26.0","E,0625, ","-1.0","E,1025","-3.5","E,1126","-7.0","E,1128","-7.0","E,1128","-10.3","E,1219","-0.4","E,0513","-5.3","E,0308","-5.3","E,0308","-7.7","E,0108","","","    3123.1","1","    3123.1","E","      8.78","E","     12.64","E","      4.92","E"
"UK000000000","2011","52.42","-1.83","78.0","CET CENTRAL ENGLAND, UK","     11.7","","      11.7","E","         0","E","        26","E","         0","E","        34","E","         0","E","   -4.3","E,0129, ","   28.0","E,0626, ","-0.6","E,1210","","","","","","","","","-1.7","E,0319","-3.6","E,0308","","","","","","","    3021.1","1","    3021.1","E","     10.69","E","     14.56","E","      6.82","E"
"UK000000000","2012","52.42","-1.83","78.0","CET CENTRAL ENGLAND, UK","     10.7","","      10.7","E","         0","E","        39","E","         1","E","        35","E","         0","E","   -7.2","E,0204, ","   26.3","E,0723, ","-1.0","E,1129","-2.8","E,1201","-4.8","E,1212","","","","","-1.7","E,0416","-5.8","E,0212","-5.8","E,0212","-7.1","E,0211","","","    2902.8","8","    2902.8","E","      9.67","E","     13.42","E","      5.92","E"
"UK000000000","2013","52.42","-1.83","78.0","CET CENTRAL ENGLAND, UK","     29.3","","      29.3","E","         0","E","        56","E","         2","E","        51","E","         0","E","   -5.2","E,0116, ","   29.7","E,0731, ","-1.4","E,1120","","","","","","","","","-3.0","E,0406","-3.0","E,0406","-5.1","E,0117","","","","","    3292.0","0","    3292.0","E","      9.58","E","     13.34","E","      5.82","E"
"UK000000000","2014","52.42","-1.83","78.0","CET CENTRAL ENGLAND, UK","     16.8","","      16.8","E","         0","E","        18","E","         0","E","        49","E","         0","E","   -2.8","E,1229, ","   27.6","E,0725, ","-0.6","E,1106","-2.8","E,1229","","","","","","","-2.4","E,0324","-2.4","E,0324","","","","","","","    2683.5","5","    2683.5","E","     10.90","E","     14.75","E","      7.05","E"
"UK000000000","2015","52.42","-1.83","78.0","CET CENTRAL ENGLAND, UK","     10.1","","      10.1","E","         0","E","        26","E","         0","E","        30","E","         1","E","   -3.9","E,0123, ","   32.7","E,0630, ","-0.9","E,1122","","","","","","","","","-0.1","E,0427","-2.8","E,0203","","","","","","","    2917.9","9","    2917.9","E","     10.27","E","     14.16","E","      6.37","E"
"UK000000000","2016","52.42","-1.83","78.0","CET CENTRAL ENGLAND, UK","     24.8","","      24.8","E","         0","E","        35","E","         0","E","        51","E","         0","E","   -4.5","E,1130, ","   30.9","E,0718, ","-2.3","E,1108","-2.3","E,1108","-4.5","E,1130","","","","","-1.4","E,0428","-2.7","E,0308","","","","","","","    2833.2","2","    2833.2","E","     10.30","E","     14.15","E","      6.45","E"
"UK000000000","2017","52.42","-1.83","78.0","CET CENTRAL ENGLAND, UK","     14.6","","      14.6","E","         0","E","        35","E","         0","E","        36","E","         0","E","   -6.2","E,1212, ","   29.8","E,0620, ","-0.5","E,1106","-6.2","E,1212","-6.2","E,1212","","","","","-0.2","E,0427","-3.2","E,0127","","","","","","","    2723.3","3","    2723.3","E","     10.53","E","     14.29","E","      6.77","E"
"UK000000000","2018","52.42","-1.83","78.0","CET CENTRAL ENGLAND, UK","     44.4","","      44.4","E","         0","E","        31","E","         2","E","        75","E","         0","E","   -6.4","E,0301, ","   30.7","E,0725, ","-1.1","E,1029","","","","","","","","","-1.0","E,0321","-2.8","E,0318","-4.7","E,0302","","","","","    2907.7","7","    2907.7","E","     10.63","E","     14.73","E","      6.54","E"
"UK000000000","2019","52.42","-1.83","78.0","CET CENTRAL ENGLAND, UK","     28.9","","      28.9","E","         0","E","        35","E","         0","E","        50","E","         1","E","   -5.4","E,0131, ","   34.1","E,0724, ","-0.2","E,1028","-2.4","E,1119","","","","","","","-1.7","E,0414","-2.2","E,0204","-5.2","E,0203","","","","","    2741.1","1","    2741.1","E","     10.31","E","     14.32","E","      6.30","E"
"UK000000000","2020","52.42","-1.83","78.0","CET CENTRAL ENGLAND, UK","     43.4","","      43.4","E","         0","E","        21","E","         0","E","        55","E","         1","E","   -4.0","E,1231, ","   33.2","E,0730, ","-0.3","E,1104","-2.2","E,1225","","","","","","","-0.4","E,0514","","","","","","","","","    2798.1","1","    2798.1","E","     10.77","E","     14.76","E","      6.79","E"
"UK000000000","2021","52.42","-1.83","78.0","CET CENTRAL ENGLAND, UK","     24.7","","      24.7","E","         0","E","        45","E","         0","E","        48","E","         0","E","   -4.9","E,0211, ","   29.2","E,0721, ","-0.9","E,1105","-3.8","E,1129","","","","","","","-0.2","E,0422","-3.1","E,0407","-4.9","E,0211","","","","","    2972.8","8","    2972.8","E","     10.30","E","     14.15","E","      6.45","E"
"UK000000000","2022","52.42","-1.83","78.0","CET CENTRAL ENGLAND, UK","     60.8","","      60.8","E","         0","E","        32","E","         1","E","        61","E","         2","E","   -9.3","E,1215, ","   37.3","E,0718, ","-1.9","E,1207","-5.1","E,1208","-5.1","E,1208","-9.3","E,1215","-9.3","E,1215","-1.9","E,0410","-2.4","E,0403","","","","","","","    2628.2","2","    2628.2","E","     11.12","E","     15.29","E","      6.94","E"
"UK000000000","2023","52.42","-1.83","78.0","CET CENTRAL ENGLAND, UK","","","","","","","","","","","","","","","","","","","","","","","","","","","","","","","","","","","","","","","    2660.4","4","    2660.4","E","","","","","",""
